timestamp,endpoint,response_ms,status
2024-03-01T00:15:22,/api/users,45,200
2024-03-01T00:16:01,/api/products,120,200
2024-03-01T00:16:45,/api/orders,230,200
2024-03-01T00:17:12,/api/users,38,200
2024-03-01T00:18:30,/api/auth,15,200
2024-03-01T00:19:05,/api/products,890,500
2024-03-01T00:20:11,/api/users,42,200
2024-03-01T00:21:33,/api/orders,310,200
2024-03-01T00:22:08,/api/products,95,200
2024-03-01T00:23:44,/api/auth,22,200
2024-03-01T00:24:19,/api/users,55,200
2024-03-01T00:25:50,/api/orders,180,200
2024-03-01T00:26:37,/api/products,105,200
2024-03-01T00:27:22,/api/auth,18,200
2024-03-01T00:28:59,/api/users,62,200
2024-03-01T01:00:05,/api/products,75,200
2024-03-01T01:01:22,/api/orders,420,200
2024-03-01T01:02:18,/api/users,33,200
2024-03-01T01:03:40,/api/auth,12,200
2024-03-01T01:04:55,/api/products,1200,500
2024-03-01T01:05:30,/api/users,48,200
2024-03-01T01:06:44,/api/orders,155,200
2024-03-01T01:07:19,/api/products,88,200
2024-03-01T01:08:33,/api/auth,20,200
2024-03-01T01:09:47,/api/users,51,200
2024-03-01T02:00:01,/api/products,110,200
2024-03-01T02:01:15,/api/orders,275,200
2024-03-01T02:02:28,/api/users,40,200
2024-03-01T02:03:42,/api/auth,16,200
2024-03-01T02:04:55,/api/products,95,200
2024-03-01T02:06:08,/api/users,37,200
2024-03-01T02:07:22,/api/orders,195,200
2024-03-01T02:08:35,/api/products,680,500
2024-03-01T02:09:48,/api/auth,14,200
2024-03-01T02:11:01,/api/users,44,200
2024-03-01T03:00:10,/api/products,82,200
2024-03-01T03:01:25,/api/orders,160,200
2024-03-01T03:02:38,/api/users,35,200
2024-03-01T03:03:52,/api/auth,11,200
2024-03-01T03:05:05,/api/products,78,200
2024-03-01T03:06:18,/api/users,29,200
2024-03-01T03:07:32,/api/orders,140,200
2024-03-01T03:08:45,/api/products,72,200
2024-03-01T03:09:58,/api/auth,13,200
2024-03-01T03:11:12,/api/users,31,200
2024-03-01T04:00:05,/api/products,68,200
2024-03-01T04:01:20,/api/orders,130,200
2024-03-01T04:02:33,/api/users,27,200
2024-03-01T04:03:47,/api/auth,10,200
2024-03-01T04:05:00,/api/products,65,200
